Full-stack Ruby Developer,"TRIAD Group, ",https://www.dice.com/jobs/detail/Full%26%2345stack-Ruby-Developer-TRIAD-Group-Seattle-WA-98101/TRIADW/774220,"Seattle, WA",04-24-2017,TRIADW,774220
"Full Stack Rails Developer - Ruby On Rails, AngularJS, React.JS","",https://www.dice.com/jobs/detail/Full%26%2345stack-Ruby-Developer-TRIAD-Group-Seattle-WA-98101/TRIADW/774220,"Seattle, WA",04-24-2017,TRIADW,774220
Senior Ruby on Rails Developer,"",https://www.dice.com/jobs/detail/Full%26%2345stack-Ruby-Developer-TRIAD-Group-Seattle-WA-98101/TRIADW/774220,"Seattle, WA",03-30-2017,TRIADW,774220
Ruby on Rails Developer,"",https://www.dice.com/jobs/detail/Full%26%2345stack-Ruby-Developer-TRIAD-Group-Seattle-WA-98101/TRIADW/774220,"Seattle, WA",04-03-2017,TRIADW,774220
"Senior Software Engineer, Store full stack","",https://www.dice.com/jobs/detail/Full%26%2345stack-Ruby-Developer-TRIAD-Group-Seattle-WA-98101/TRIADW/774220,"Seattle, WA",04-24-2017,TRIADW,774220
"Ruby on Rails Developer - Ruby On Rails, JavaScript, REACT","",https://www.dice.com/jobs/detail/Full%26%2345stack-Ruby-Developer-TRIAD-Group-Seattle-WA-98101/TRIADW/774220,"Seattle, WA",04-22-2017,TRIADW,774220
"Ruby on Rails Developer - Ruby On Rails, JavaScript, REACT","",https://www.dice.com/jobs/detail/Full%26%2345stack-Ruby-Developer-TRIAD-Group-Seattle-WA-98101/TRIADW/774220,"Seattle, WA",04-23-2017,TRIADW,774220
"Ruby on Rails Developer - Ruby On Rails, JavaScript, REACT","",https://www.dice.com/jobs/detail/Full%26%2345stack-Ruby-Developer-TRIAD-Group-Seattle-WA-98101/TRIADW/774220,"Seattle, WA",04-24-2017,TRIADW,774220
Sr Software Engineer - Ruby,"Harvey Nash USA, ",https://www.dice.com/jobs/detail/Full%26%2345stack-Ruby-Developer-TRIAD-Group-Seattle-WA-98101/TRIADW/774220,"Seattle, WA",04-24-2017,TRIADW,774220
"Software Engineer - Ruby, Python, or Go","",https://www.dice.com/jobs/detail/Full%26%2345stack-Ruby-Developer-TRIAD-Group-Seattle-WA-98101/TRIADW/774220,"Seattle, WA",04-24-2017,TRIADW,774220
Sr. / Principal Technologist (Ruby)- 4101,"WideNet Consulting Group, ",https://www.dice.com/jobs/detail/Full%26%2345stack-Ruby-Developer-TRIAD-Group-Seattle-WA-98101/TRIADW/774220,"Seattle, WA",04-20-2017,TRIADW,774220
Senior Software Developer  Ruby on Rails,"Axelerate, ",https://www.dice.com/jobs/detail/Full%26%2345stack-Ruby-Developer-TRIAD-Group-Seattle-WA-98101/TRIADW/774220,"Issaquah, WA",04-21-2017,TRIADW,774220
Full Stack Developer - Solve Advanced Software Problems,"",https://www.dice.com/jobs/detail/Full%26%2345stack-Ruby-Developer-TRIAD-Group-Seattle-WA-98101/TRIADW/774220,"Redmond, WA",04-23-2017,TRIADW,774220
Full Stack Developer - Solve Advanced Software Problems,"",https://www.dice.com/jobs/detail/Full%26%2345stack-Ruby-Developer-TRIAD-Group-Seattle-WA-98101/TRIADW/774220,"Redmond, WA",04-24-2017,TRIADW,774220
Remote PHP Full Stack Developer,"Prime Team Partners, Inc, ",https://www.dice.com/jobs/detail/Full%26%2345stack-Ruby-Developer-TRIAD-Group-Seattle-WA-98101/TRIADW/774220,"Seattle, WA",04-24-2017,TRIADW,774220
Senior Software Developer  Full Stack (17034),"Axelerate, ",https://www.dice.com/jobs/detail/Full%26%2345stack-Ruby-Developer-TRIAD-Group-Seattle-WA-98101/TRIADW/774220,"Issaquah, WA",04-21-2017,TRIADW,774220
Sr Web Developer / Front End Ruby Dev,"Harvey Nash USA, ",https://www.dice.com/jobs/detail/Full%26%2345stack-Ruby-Developer-TRIAD-Group-Seattle-WA-98101/TRIADW/774220,"Seattle, WA",04-24-2017,TRIADW,774220
Full Stack Java Engineer - Navigation,"Nordstrom, ",https://www.dice.com/jobs/detail/Full%26%2345stack-Ruby-Developer-TRIAD-Group-Seattle-WA-98101/TRIADW/774220,"Seattle, WA",04-24-2017,TRIADW,774220
"Software Engineer II, Full Stack","",https://www.dice.com/jobs/detail/Full%26%2345stack-Ruby-Developer-TRIAD-Group-Seattle-WA-98101/TRIADW/774220,"Seattle, WA",04-24-2017,TRIADW,774220
"Senior Software Engineer, Full Stack","",https://www.dice.com/jobs/detail/Full%26%2345stack-Ruby-Developer-TRIAD-Group-Seattle-WA-98101/TRIADW/774220,"Seattle, WA",04-24-2017,TRIADW,774220
"Software Engineer, Subscription Platform (Full Stack)","Tableau Software, ",https://www.dice.com/jobs/detail/Full%26%2345stack-Ruby-Developer-TRIAD-Group-Seattle-WA-98101/TRIADW/774220,"Seattle, WA",04-24-2017,TRIADW,774220
Senior Full Stack Software Engineer - Homeowner Team,"Zillow.com, ",https://www.dice.com/jobs/detail/Full%26%2345stack-Ruby-Developer-TRIAD-Group-Seattle-WA-98101/TRIADW/774220,"Seattle, WA",04-24-2017,TRIADW,774220
Full Stack Developer,"",https://www.dice.com/jobs/detail/Full%26%2345stack-Ruby-Developer-TRIAD-Group-Seattle-WA-98101/TRIADW/774220,"Bellevue, WA",04-21-2017,TRIADW,774220
Java Engineer - Small Team - Full Stack - Travel Technology,"Costco Travel, ",https://www.dice.com/jobs/detail/Full%26%2345stack-Ruby-Developer-TRIAD-Group-Seattle-WA-98101/TRIADW/774220,"Issaquah, WA",04-17-2017,TRIADW,774220
"Lead Java Full Stack Developer (Hands-On coding , Algorithms , Data s","Ness Software Engineering Services, ",https://www.dice.com/jobs/detail/Full%26%2345stack-Ruby-Developer-TRIAD-Group-Seattle-WA-98101/TRIADW/774220,"Seattle, WA",04-24-2017,TRIADW,774220
Asp.net C# Fullstack Developer,"Zen3, ",https://www.dice.com/jobs/detail/Full%26%2345stack-Ruby-Developer-TRIAD-Group-Seattle-WA-98101/TRIADW/774220,"Bellevue, WA",04-24-2017,TRIADW,774220
Full Stack Developer - Node.js,"",https://www.dice.com/jobs/detail/Full%26%2345stack-Ruby-Developer-TRIAD-Group-Seattle-WA-98101/TRIADW/774220,"Seattle, WA",04-24-2017,TRIADW,774220
Senior Full Stack Developer AP993,"Akvelon, Inc., ",https://www.dice.com/jobs/detail/Full%26%2345stack-Ruby-Developer-TRIAD-Group-Seattle-WA-98101/TRIADW/774220,"Redmond, WA",04-21-2017,TRIADW,774220
Full Stack Developer (Node.js / C#),"",https://www.dice.com/jobs/detail/Full%26%2345stack-Ruby-Developer-TRIAD-Group-Seattle-WA-98101/TRIADW/774220,"Seattle, WA",04-24-2017,TRIADW,774220
"Full Stack Developer - PHP, JavaScript, MySQL","",https://www.dice.com/jobs/detail/Full%26%2345stack-Ruby-Developer-TRIAD-Group-Seattle-WA-98101/TRIADW/774220,"Bellevue, WA",04-23-2017,TRIADW,774220
Full-stack Ruby Developer,"TRIAD Group, ",https://www.dice.com/jobs/detail/Full%26%2345stack-Ruby-Developer-TRIAD-Group-Seattle-WA-98101/TRIADW/774220,"Seattle, WA",04-24-2017,TRIADW,774220
"Full Stack Rails Developer - Ruby On Rails, AngularJS, React.JS","",https://www.dice.com/jobs/detail/Full%26%2345stack-Ruby-Developer-TRIAD-Group-Seattle-WA-98101/TRIADW/774220,"Seattle, WA",04-24-2017,TRIADW,774220
Senior Ruby on Rails Developer,"",https://www.dice.com/jobs/detail/Full%26%2345stack-Ruby-Developer-TRIAD-Group-Seattle-WA-98101/TRIADW/774220,"Seattle, WA",03-30-2017,TRIADW,774220
Ruby on Rails Developer,"",https://www.dice.com/jobs/detail/Full%26%2345stack-Ruby-Developer-TRIAD-Group-Seattle-WA-98101/TRIADW/774220,"Seattle, WA",04-03-2017,TRIADW,774220
"Senior Software Engineer, Store full stack","",https://www.dice.com/jobs/detail/Full%26%2345stack-Ruby-Developer-TRIAD-Group-Seattle-WA-98101/TRIADW/774220,"Seattle, WA",04-24-2017,TRIADW,774220
"Ruby on Rails Developer - Ruby On Rails, JavaScript, REACT","",https://www.dice.com/jobs/detail/Full%26%2345stack-Ruby-Developer-TRIAD-Group-Seattle-WA-98101/TRIADW/774220,"Seattle, WA",04-22-2017,TRIADW,774220
"Ruby on Rails Developer - Ruby On Rails, JavaScript, REACT","",https://www.dice.com/jobs/detail/Full%26%2345stack-Ruby-Developer-TRIAD-Group-Seattle-WA-98101/TRIADW/774220,"Seattle, WA",04-23-2017,TRIADW,774220
"Ruby on Rails Developer - Ruby On Rails, JavaScript, REACT","",https://www.dice.com/jobs/detail/Full%26%2345stack-Ruby-Developer-TRIAD-Group-Seattle-WA-98101/TRIADW/774220,"Seattle, WA",04-24-2017,TRIADW,774220
Sr Software Engineer - Ruby,"Harvey Nash USA, ",https://www.dice.com/jobs/detail/Full%26%2345stack-Ruby-Developer-TRIAD-Group-Seattle-WA-98101/TRIADW/774220,"Seattle, WA",04-24-2017,TRIADW,774220
"Software Engineer - Ruby, Python, or Go","",https://www.dice.com/jobs/detail/Full%26%2345stack-Ruby-Developer-TRIAD-Group-Seattle-WA-98101/TRIADW/774220,"Seattle, WA",04-24-2017,TRIADW,774220
Sr. / Principal Technologist (Ruby)- 4101,"WideNet Consulting Group, ",https://www.dice.com/jobs/detail/Full%26%2345stack-Ruby-Developer-TRIAD-Group-Seattle-WA-98101/TRIADW/774220,"Seattle, WA",04-20-2017,TRIADW,774220
Senior Software Developer  Ruby on Rails,"Axelerate, ",https://www.dice.com/jobs/detail/Full%26%2345stack-Ruby-Developer-TRIAD-Group-Seattle-WA-98101/TRIADW/774220,"Issaquah, WA",04-21-2017,TRIADW,774220
Full Stack Developer - Solve Advanced Software Problems,"",https://www.dice.com/jobs/detail/Full%26%2345stack-Ruby-Developer-TRIAD-Group-Seattle-WA-98101/TRIADW/774220,"Redmond, WA",04-23-2017,TRIADW,774220
Full Stack Developer - Solve Advanced Software Problems,"",https://www.dice.com/jobs/detail/Full%26%2345stack-Ruby-Developer-TRIAD-Group-Seattle-WA-98101/TRIADW/774220,"Redmond, WA",04-24-2017,TRIADW,774220
Remote PHP Full Stack Developer,"Prime Team Partners, Inc, ",https://www.dice.com/jobs/detail/Full%26%2345stack-Ruby-Developer-TRIAD-Group-Seattle-WA-98101/TRIADW/774220,"Seattle, WA",04-24-2017,TRIADW,774220
Senior Software Developer  Full Stack (17034),"Axelerate, ",https://www.dice.com/jobs/detail/Full%26%2345stack-Ruby-Developer-TRIAD-Group-Seattle-WA-98101/TRIADW/774220,"Issaquah, WA",04-21-2017,TRIADW,774220
Sr Web Developer / Front End Ruby Dev,"Harvey Nash USA, ",https://www.dice.com/jobs/detail/Full%26%2345stack-Ruby-Developer-TRIAD-Group-Seattle-WA-98101/TRIADW/774220,"Seattle, WA",04-24-2017,TRIADW,774220
Full Stack Java Engineer - Navigation,"Nordstrom, ",https://www.dice.com/jobs/detail/Full%26%2345stack-Ruby-Developer-TRIAD-Group-Seattle-WA-98101/TRIADW/774220,"Seattle, WA",04-24-2017,TRIADW,774220
"Software Engineer II, Full Stack","",https://www.dice.com/jobs/detail/Full%26%2345stack-Ruby-Developer-TRIAD-Group-Seattle-WA-98101/TRIADW/774220,"Seattle, WA",04-24-2017,TRIADW,774220
"Senior Software Engineer, Full Stack","",https://www.dice.com/jobs/detail/Full%26%2345stack-Ruby-Developer-TRIAD-Group-Seattle-WA-98101/TRIADW/774220,"Seattle, WA",04-24-2017,TRIADW,774220
"Software Engineer, Subscription Platform (Full Stack)","Tableau Software, ",https://www.dice.com/jobs/detail/Full%26%2345stack-Ruby-Developer-TRIAD-Group-Seattle-WA-98101/TRIADW/774220,"Seattle, WA",04-24-2017,TRIADW,774220
Senior Full Stack Software Engineer - Homeowner Team,"Zillow.com, ",https://www.dice.com/jobs/detail/Full%26%2345stack-Ruby-Developer-TRIAD-Group-Seattle-WA-98101/TRIADW/774220,"Seattle, WA",04-24-2017,TRIADW,774220
Full Stack Developer,"",https://www.dice.com/jobs/detail/Full%26%2345stack-Ruby-Developer-TRIAD-Group-Seattle-WA-98101/TRIADW/774220,"Bellevue, WA",04-21-2017,TRIADW,774220
Java Engineer - Small Team - Full Stack - Travel Technology,"Costco Travel, ",https://www.dice.com/jobs/detail/Full%26%2345stack-Ruby-Developer-TRIAD-Group-Seattle-WA-98101/TRIADW/774220,"Issaquah, WA",04-17-2017,TRIADW,774220
"Lead Java Full Stack Developer (Hands-On coding , Algorithms , Data s","Ness Software Engineering Services, ",https://www.dice.com/jobs/detail/Full%26%2345stack-Ruby-Developer-TRIAD-Group-Seattle-WA-98101/TRIADW/774220,"Seattle, WA",04-24-2017,TRIADW,774220
Asp.net C# Fullstack Developer,"Zen3, ",https://www.dice.com/jobs/detail/Full%26%2345stack-Ruby-Developer-TRIAD-Group-Seattle-WA-98101/TRIADW/774220,"Bellevue, WA",04-24-2017,TRIADW,774220
Full Stack Developer - Node.js,"",https://www.dice.com/jobs/detail/Full%26%2345stack-Ruby-Developer-TRIAD-Group-Seattle-WA-98101/TRIADW/774220,"Seattle, WA",04-24-2017,TRIADW,774220
Senior Full Stack Developer AP993,"Akvelon, Inc., ",https://www.dice.com/jobs/detail/Full%26%2345stack-Ruby-Developer-TRIAD-Group-Seattle-WA-98101/TRIADW/774220,"Redmond, WA",04-21-2017,TRIADW,774220
Full Stack Developer (Node.js / C#),"",https://www.dice.com/jobs/detail/Full%26%2345stack-Ruby-Developer-TRIAD-Group-Seattle-WA-98101/TRIADW/774220,"Seattle, WA",04-24-2017,TRIADW,774220
"Full Stack Developer - PHP, JavaScript, MySQL","",https://www.dice.com/jobs/detail/Full%26%2345stack-Ruby-Developer-TRIAD-Group-Seattle-WA-98101/TRIADW/774220,"Bellevue, WA",04-23-2017,TRIADW,774220
