job_title,company_name,posting_url,location
Equity Derivatives/Trading Support,"Mitchell Martin, Inc.",/jobs/detail/Equity-Derivatives%26%2347Trading-Support-Mitchell-Martin%2C-Inc.-New-York-City-NY-10019/mitchmar3/RVP%26%2345Sup%26%2345NYC?icid=sr1-1p&q=&l=,"New York City, NY"
Equity Derivatives/Trading Support,RedRiver Systems L.L.C.,/jobs/detail/Equity-Derivatives%26%2347Trading-Support-Mitchell-Martin%2C-Inc.-New-York-City-NY-10019/mitchmar3/RVP%26%2345Sup%26%2345NYC?icid=sr1-1p&q=&l=,"Irving, TX"
Equity Derivatives/Trading Support,RedRiver Systems L.L.C.,/jobs/detail/Equity-Derivatives%26%2347Trading-Support-Mitchell-Martin%2C-Inc.-New-York-City-NY-10019/mitchmar3/RVP%26%2345Sup%26%2345NYC?icid=sr1-1p&q=&l=,"Irving, TX"
Equity Derivatives/Trading Support,RedRiver Systems L.L.C.,/jobs/detail/Equity-Derivatives%26%2347Trading-Support-Mitchell-Martin%2C-Inc.-New-York-City-NY-10019/mitchmar3/RVP%26%2345Sup%26%2345NYC?icid=sr1-1p&q=&l=,"Dallas, TX"
Equity Derivatives/Trading Support,RedRiver Systems L.L.C.,/jobs/detail/Equity-Derivatives%26%2347Trading-Support-Mitchell-Martin%2C-Inc.-New-York-City-NY-10019/mitchmar3/RVP%26%2345Sup%26%2345NYC?icid=sr1-1p&q=&l=,"Irving, TX"
Equity Derivatives/Trading Support,RedRiver Systems L.L.C.,/jobs/detail/Equity-Derivatives%26%2347Trading-Support-Mitchell-Martin%2C-Inc.-New-York-City-NY-10019/mitchmar3/RVP%26%2345Sup%26%2345NYC?icid=sr1-1p&q=&l=,"Irving, TX"
Equity Derivatives/Trading Support,RedRiver Systems L.L.C.,/jobs/detail/Equity-Derivatives%26%2347Trading-Support-Mitchell-Martin%2C-Inc.-New-York-City-NY-10019/mitchmar3/RVP%26%2345Sup%26%2345NYC?icid=sr1-1p&q=&l=,"Irving, TX"
Equity Derivatives/Trading Support,RedRiver Systems L.L.C.,/jobs/detail/Equity-Derivatives%26%2347Trading-Support-Mitchell-Martin%2C-Inc.-New-York-City-NY-10019/mitchmar3/RVP%26%2345Sup%26%2345NYC?icid=sr1-1p&q=&l=,"Irving, TX"
Equity Derivatives/Trading Support,RedRiver Systems L.L.C.,/jobs/detail/Equity-Derivatives%26%2347Trading-Support-Mitchell-Martin%2C-Inc.-New-York-City-NY-10019/mitchmar3/RVP%26%2345Sup%26%2345NYC?icid=sr1-1p&q=&l=,"Farmers Branch, TX"
Equity Derivatives/Trading Support,RedRiver Systems L.L.C.,/jobs/detail/Equity-Derivatives%26%2347Trading-Support-Mitchell-Martin%2C-Inc.-New-York-City-NY-10019/mitchmar3/RVP%26%2345Sup%26%2345NYC?icid=sr1-1p&q=&l=,"Dallas, TX"
Equity Derivatives/Trading Support,RedRiver Systems L.L.C.,/jobs/detail/Equity-Derivatives%26%2347Trading-Support-Mitchell-Martin%2C-Inc.-New-York-City-NY-10019/mitchmar3/RVP%26%2345Sup%26%2345NYC?icid=sr1-1p&q=&l=,"Addison, TX"
Equity Derivatives/Trading Support,RedRiver Systems L.L.C.,/jobs/detail/Equity-Derivatives%26%2347Trading-Support-Mitchell-Martin%2C-Inc.-New-York-City-NY-10019/mitchmar3/RVP%26%2345Sup%26%2345NYC?icid=sr1-1p&q=&l=,"Frisco, TX"
Equity Derivatives/Trading Support,RedRiver Systems L.L.C.,/jobs/detail/Equity-Derivatives%26%2347Trading-Support-Mitchell-Martin%2C-Inc.-New-York-City-NY-10019/mitchmar3/RVP%26%2345Sup%26%2345NYC?icid=sr1-1p&q=&l=,"Dallas, TX"
Equity Derivatives/Trading Support,RedRiver Systems L.L.C.,/jobs/detail/Equity-Derivatives%26%2347Trading-Support-Mitchell-Martin%2C-Inc.-New-York-City-NY-10019/mitchmar3/RVP%26%2345Sup%26%2345NYC?icid=sr1-1p&q=&l=,"Irving, TX"
Equity Derivatives/Trading Support,RedRiver Systems L.L.C.,/jobs/detail/Equity-Derivatives%26%2347Trading-Support-Mitchell-Martin%2C-Inc.-New-York-City-NY-10019/mitchmar3/RVP%26%2345Sup%26%2345NYC?icid=sr1-1p&q=&l=,"Dallas, TX"
Equity Derivatives/Trading Support,RedRiver Systems L.L.C.,/jobs/detail/Equity-Derivatives%26%2347Trading-Support-Mitchell-Martin%2C-Inc.-New-York-City-NY-10019/mitchmar3/RVP%26%2345Sup%26%2345NYC?icid=sr1-1p&q=&l=,"Dallas, TX"
Equity Derivatives/Trading Support,RedRiver Systems L.L.C.,/jobs/detail/Equity-Derivatives%26%2347Trading-Support-Mitchell-Martin%2C-Inc.-New-York-City-NY-10019/mitchmar3/RVP%26%2345Sup%26%2345NYC?icid=sr1-1p&q=&l=,"Plano, TX"
Equity Derivatives/Trading Support,RedRiver Systems L.L.C.,/jobs/detail/Equity-Derivatives%26%2347Trading-Support-Mitchell-Martin%2C-Inc.-New-York-City-NY-10019/mitchmar3/RVP%26%2345Sup%26%2345NYC?icid=sr1-1p&q=&l=,"Dallas, TX"
Equity Derivatives/Trading Support,RedRiver Systems L.L.C.,/jobs/detail/Equity-Derivatives%26%2347Trading-Support-Mitchell-Martin%2C-Inc.-New-York-City-NY-10019/mitchmar3/RVP%26%2345Sup%26%2345NYC?icid=sr1-1p&q=&l=,"Richardson, TX"
Equity Derivatives/Trading Support,RedRiver Systems L.L.C.,/jobs/detail/Equity-Derivatives%26%2347Trading-Support-Mitchell-Martin%2C-Inc.-New-York-City-NY-10019/mitchmar3/RVP%26%2345Sup%26%2345NYC?icid=sr1-1p&q=&l=,"Irving, TX"
Equity Derivatives/Trading Support,RedRiver Systems L.L.C.,/jobs/detail/Equity-Derivatives%26%2347Trading-Support-Mitchell-Martin%2C-Inc.-New-York-City-NY-10019/mitchmar3/RVP%26%2345Sup%26%2345NYC?icid=sr1-1p&q=&l=,"Richardson, TX"
Equity Derivatives/Trading Support,RedRiver Systems L.L.C.,/jobs/detail/Equity-Derivatives%26%2347Trading-Support-Mitchell-Martin%2C-Inc.-New-York-City-NY-10019/mitchmar3/RVP%26%2345Sup%26%2345NYC?icid=sr1-1p&q=&l=,"Carrollton, TX"
Equity Derivatives/Trading Support,RedRiver Systems L.L.C.,/jobs/detail/Equity-Derivatives%26%2347Trading-Support-Mitchell-Martin%2C-Inc.-New-York-City-NY-10019/mitchmar3/RVP%26%2345Sup%26%2345NYC?icid=sr1-1p&q=&l=,"Dallas, TX"
Equity Derivatives/Trading Support,RedRiver Systems L.L.C.,/jobs/detail/Equity-Derivatives%26%2347Trading-Support-Mitchell-Martin%2C-Inc.-New-York-City-NY-10019/mitchmar3/RVP%26%2345Sup%26%2345NYC?icid=sr1-1p&q=&l=,"Dallas, TX"
Equity Derivatives/Trading Support,RedRiver Systems L.L.C.,/jobs/detail/Equity-Derivatives%26%2347Trading-Support-Mitchell-Martin%2C-Inc.-New-York-City-NY-10019/mitchmar3/RVP%26%2345Sup%26%2345NYC?icid=sr1-1p&q=&l=,"Dallas, TX"
Equity Derivatives/Trading Support,RedRiver Systems L.L.C.,/jobs/detail/Equity-Derivatives%26%2347Trading-Support-Mitchell-Martin%2C-Inc.-New-York-City-NY-10019/mitchmar3/RVP%26%2345Sup%26%2345NYC?icid=sr1-1p&q=&l=,"Dallas, TX"
Equity Derivatives/Trading Support,Indecomm Holding Inc - Technology Services,/jobs/detail/Equity-Derivatives%26%2347Trading-Support-Mitchell-Martin%2C-Inc.-New-York-City-NY-10019/mitchmar3/RVP%26%2345Sup%26%2345NYC?icid=sr1-1p&q=&l=,"Silver Spring,, MD"
Equity Derivatives/Trading Support,Indecomm Holding Inc - Technology Services,/jobs/detail/Equity-Derivatives%26%2347Trading-Support-Mitchell-Martin%2C-Inc.-New-York-City-NY-10019/mitchmar3/RVP%26%2345Sup%26%2345NYC?icid=sr1-1p&q=&l=,"Silver Spring, MD"
Equity Derivatives/Trading Support,Indecomm Holding Inc - Technology Services,/jobs/detail/Equity-Derivatives%26%2347Trading-Support-Mitchell-Martin%2C-Inc.-New-York-City-NY-10019/mitchmar3/RVP%26%2345Sup%26%2345NYC?icid=sr1-1p&q=&l=,"Pittsburgh, PA"
Equity Derivatives/Trading Support,Indecomm Holding Inc - Technology Services,/jobs/detail/Equity-Derivatives%26%2347Trading-Support-Mitchell-Martin%2C-Inc.-New-York-City-NY-10019/mitchmar3/RVP%26%2345Sup%26%2345NYC?icid=sr1-1p&q=&l=,"Saint Paul, MN"
Equity Derivatives/Trading Support,Mitchell...,/jobs/detail/Equity-Derivatives%26%2347Trading-Support-Mitchell-Martin%2C-Inc.-New-York-City-NY-10019/mitchmar3/RVP%26%2345Sup%26%2345NYC?icid=sr1-1p&q=&l=,"New York City, NY"
Equity Derivatives/Trading Support,RedRiver...,/jobs/detail/Equity-Derivatives%26%2347Trading-Support-Mitchell-Martin%2C-Inc.-New-York-City-NY-10019/mitchmar3/RVP%26%2345Sup%26%2345NYC?icid=sr1-1p&q=&l=,"Irving, TX"
Equity Derivatives/Trading Support,RedRiver...,/jobs/detail/Equity-Derivatives%26%2347Trading-Support-Mitchell-Martin%2C-Inc.-New-York-City-NY-10019/mitchmar3/RVP%26%2345Sup%26%2345NYC?icid=sr1-1p&q=&l=,"Irving, TX"
Equity Derivatives/Trading Support,RedRiver...,/jobs/detail/Equity-Derivatives%26%2347Trading-Support-Mitchell-Martin%2C-Inc.-New-York-City-NY-10019/mitchmar3/RVP%26%2345Sup%26%2345NYC?icid=sr1-1p&q=&l=,"Dallas, TX"
Equity Derivatives/Trading Support,RedRiver...,/jobs/detail/Equity-Derivatives%26%2347Trading-Support-Mitchell-Martin%2C-Inc.-New-York-City-NY-10019/mitchmar3/RVP%26%2345Sup%26%2345NYC?icid=sr1-1p&q=&l=,"Irving, TX"
Equity Derivatives/Trading Support,RedRiver...,/jobs/detail/Equity-Derivatives%26%2347Trading-Support-Mitchell-Martin%2C-Inc.-New-York-City-NY-10019/mitchmar3/RVP%26%2345Sup%26%2345NYC?icid=sr1-1p&q=&l=,"Irving, TX"
Equity Derivatives/Trading Support,RedRiver...,/jobs/detail/Equity-Derivatives%26%2347Trading-Support-Mitchell-Martin%2C-Inc.-New-York-City-NY-10019/mitchmar3/RVP%26%2345Sup%26%2345NYC?icid=sr1-1p&q=&l=,"Irving, TX"
Equity Derivatives/Trading Support,RedRiver...,/jobs/detail/Equity-Derivatives%26%2347Trading-Support-Mitchell-Martin%2C-Inc.-New-York-City-NY-10019/mitchmar3/RVP%26%2345Sup%26%2345NYC?icid=sr1-1p&q=&l=,"Irving, TX"
Equity Derivatives/Trading Support,RedRiver...,/jobs/detail/Equity-Derivatives%26%2347Trading-Support-Mitchell-Martin%2C-Inc.-New-York-City-NY-10019/mitchmar3/RVP%26%2345Sup%26%2345NYC?icid=sr1-1p&q=&l=,"Farmers Branch, TX"
Equity Derivatives/Trading Support,RedRiver...,/jobs/detail/Equity-Derivatives%26%2347Trading-Support-Mitchell-Martin%2C-Inc.-New-York-City-NY-10019/mitchmar3/RVP%26%2345Sup%26%2345NYC?icid=sr1-1p&q=&l=,"Dallas, TX"
Equity Derivatives/Trading Support,RedRiver...,/jobs/detail/Equity-Derivatives%26%2347Trading-Support-Mitchell-Martin%2C-Inc.-New-York-City-NY-10019/mitchmar3/RVP%26%2345Sup%26%2345NYC?icid=sr1-1p&q=&l=,"Addison, TX"
Equity Derivatives/Trading Support,RedRiver...,/jobs/detail/Equity-Derivatives%26%2347Trading-Support-Mitchell-Martin%2C-Inc.-New-York-City-NY-10019/mitchmar3/RVP%26%2345Sup%26%2345NYC?icid=sr1-1p&q=&l=,"Frisco, TX"
Equity Derivatives/Trading Support,RedRiver...,/jobs/detail/Equity-Derivatives%26%2347Trading-Support-Mitchell-Martin%2C-Inc.-New-York-City-NY-10019/mitchmar3/RVP%26%2345Sup%26%2345NYC?icid=sr1-1p&q=&l=,"Dallas, TX"
Equity Derivatives/Trading Support,RedRiver...,/jobs/detail/Equity-Derivatives%26%2347Trading-Support-Mitchell-Martin%2C-Inc.-New-York-City-NY-10019/mitchmar3/RVP%26%2345Sup%26%2345NYC?icid=sr1-1p&q=&l=,"Irving, TX"
Equity Derivatives/Trading Support,RedRiver...,/jobs/detail/Equity-Derivatives%26%2347Trading-Support-Mitchell-Martin%2C-Inc.-New-York-City-NY-10019/mitchmar3/RVP%26%2345Sup%26%2345NYC?icid=sr1-1p&q=&l=,"Dallas, TX"
Equity Derivatives/Trading Support,RedRiver...,/jobs/detail/Equity-Derivatives%26%2347Trading-Support-Mitchell-Martin%2C-Inc.-New-York-City-NY-10019/mitchmar3/RVP%26%2345Sup%26%2345NYC?icid=sr1-1p&q=&l=,"Dallas, TX"
Equity Derivatives/Trading Support,RedRiver...,/jobs/detail/Equity-Derivatives%26%2347Trading-Support-Mitchell-Martin%2C-Inc.-New-York-City-NY-10019/mitchmar3/RVP%26%2345Sup%26%2345NYC?icid=sr1-1p&q=&l=,"Plano, TX"
Equity Derivatives/Trading Support,RedRiver...,/jobs/detail/Equity-Derivatives%26%2347Trading-Support-Mitchell-Martin%2C-Inc.-New-York-City-NY-10019/mitchmar3/RVP%26%2345Sup%26%2345NYC?icid=sr1-1p&q=&l=,"Dallas, TX"
Equity Derivatives/Trading Support,RedRiver...,/jobs/detail/Equity-Derivatives%26%2347Trading-Support-Mitchell-Martin%2C-Inc.-New-York-City-NY-10019/mitchmar3/RVP%26%2345Sup%26%2345NYC?icid=sr1-1p&q=&l=,"Richardson, TX"
Equity Derivatives/Trading Support,RedRiver...,/jobs/detail/Equity-Derivatives%26%2347Trading-Support-Mitchell-Martin%2C-Inc.-New-York-City-NY-10019/mitchmar3/RVP%26%2345Sup%26%2345NYC?icid=sr1-1p&q=&l=,"Irving, TX"
Equity Derivatives/Trading Support,RedRiver...,/jobs/detail/Equity-Derivatives%26%2347Trading-Support-Mitchell-Martin%2C-Inc.-New-York-City-NY-10019/mitchmar3/RVP%26%2345Sup%26%2345NYC?icid=sr1-1p&q=&l=,"Richardson, TX"
Equity Derivatives/Trading Support,RedRiver...,/jobs/detail/Equity-Derivatives%26%2347Trading-Support-Mitchell-Martin%2C-Inc.-New-York-City-NY-10019/mitchmar3/RVP%26%2345Sup%26%2345NYC?icid=sr1-1p&q=&l=,"Carrollton, TX"
Equity Derivatives/Trading Support,RedRiver...,/jobs/detail/Equity-Derivatives%26%2347Trading-Support-Mitchell-Martin%2C-Inc.-New-York-City-NY-10019/mitchmar3/RVP%26%2345Sup%26%2345NYC?icid=sr1-1p&q=&l=,"Dallas, TX"
Equity Derivatives/Trading Support,RedRiver...,/jobs/detail/Equity-Derivatives%26%2347Trading-Support-Mitchell-Martin%2C-Inc.-New-York-City-NY-10019/mitchmar3/RVP%26%2345Sup%26%2345NYC?icid=sr1-1p&q=&l=,"Dallas, TX"
Equity Derivatives/Trading Support,RedRiver...,/jobs/detail/Equity-Derivatives%26%2347Trading-Support-Mitchell-Martin%2C-Inc.-New-York-City-NY-10019/mitchmar3/RVP%26%2345Sup%26%2345NYC?icid=sr1-1p&q=&l=,"Dallas, TX"
Equity Derivatives/Trading Support,RedRiver...,/jobs/detail/Equity-Derivatives%26%2347Trading-Support-Mitchell-Martin%2C-Inc.-New-York-City-NY-10019/mitchmar3/RVP%26%2345Sup%26%2345NYC?icid=sr1-1p&q=&l=,"Dallas, TX"
Equity Derivatives/Trading Support,Indecomm...,/jobs/detail/Equity-Derivatives%26%2347Trading-Support-Mitchell-Martin%2C-Inc.-New-York-City-NY-10019/mitchmar3/RVP%26%2345Sup%26%2345NYC?icid=sr1-1p&q=&l=,"Silver Spring,, MD"
Equity Derivatives/Trading Support,Indecomm...,/jobs/detail/Equity-Derivatives%26%2347Trading-Support-Mitchell-Martin%2C-Inc.-New-York-City-NY-10019/mitchmar3/RVP%26%2345Sup%26%2345NYC?icid=sr1-1p&q=&l=,"Silver Spring, MD"
Equity Derivatives/Trading Support,Indecomm...,/jobs/detail/Equity-Derivatives%26%2347Trading-Support-Mitchell-Martin%2C-Inc.-New-York-City-NY-10019/mitchmar3/RVP%26%2345Sup%26%2345NYC?icid=sr1-1p&q=&l=,"Pittsburgh, PA"
Equity Derivatives/Trading Support,Indecomm...,/jobs/detail/Equity-Derivatives%26%2347Trading-Support-Mitchell-Martin%2C-Inc.-New-York-City-NY-10019/mitchmar3/RVP%26%2345Sup%26%2345NYC?icid=sr1-1p&q=&l=,"Saint Paul, MN"
