title,company,location,date,company_id,position_id
Senior Web Developer - Consumer Websites,Bloomberg L.P.,"New York, NY",07-19-2016,10432313,50234
Senior Web Developer - Content Services,Bloomberg L.P.,"New York, NY",07-19-2016,10432313,49334
Senior Web Developer,Infusion,"New York, NY",07-19-2016,rippblok,1759_490_3489
Senior Web Developer,Infusion,"New York, NY",07-19-2016,appblok,490_3489
Web Developer,Allscripts,"Melville, NY",07-19-2016,10127643A,6776
Drupal Web Developer,Amalgamated Bank,"New York, NY",07-14-2016,10424268,1052
Web Developer,Complex Media,"New York City, NY",07-13-2016,10500475,598206
WEB DEVELOPER,Complex Media,"New York City, NY",07-13-2016,10500475,598180
Front-End Web Developer,Memorial Sloan-Kettering,"New York, NY",07-18-2016,10118869,526694
Front End Web Developer,MedAllies,"Fishkill, NY",07-18-2016,RTX15edea,618807
Web Developer: PHP MySQL Javascript,2 Bridge Partners,"New York, NY",07-15-2016,90827581,260129
Web Developer - Video,Onward Technologies Inc.,"New York, NY",07-07-2016,RTL224649,550371
Senior Full Stack Web Developer,Confidential Company,"New York, NY",07-18-2016,90887686,619307
Web Developer-Fintech,ACA Technology LLC.,"New York, NY",07-07-2016,90902182,557215
Sr. Web Developer,The Creative Group,"New York, NY",07-19-2016,10466845,02940-157097
"Web Programmer, PHP / Ruby / Java / ASP.Net / Perl","P. Murphy &amp; Associates, Inc","Manhattan, NY",07-19-2016,pma,019321-JCH
Web Developer,Bebee Affinity Social Network,"Brooklyn, NY",07-19-2016,90940991,BBA000013447947
Web Developer,Bebee Affinity Social Network,"New York, NY",07-19-2016,90940991,BBA000013432063
Web Developer,Bebee Affinity Social Network,"Manhattan, NY",07-19-2016,90940991,BBA000013447890
Web Developer,Bebee Affinity Social Network,"Brooklyn, NY",07-19-2016,90940991,BBA000013435072
Web Developer (PHP),Robert Half Technology,"White Plains, NY",07-19-2016,rhalfint,00720-124518
Web Developer,The Judge Group,"New York, NY",07-19-2016,cxjudgpa,490686
Front End Web Developer,Robert Half Technology,"New York, NY",07-19-2016,rhalfint,02940-157096
Web Developer,Linium,"Saratoga Springs, NY",07-19-2016,10455909,16-00372
Java Web Developer HTML5/CSS3,Nomura Holding America,"New York, NY",07-18-2016,10114213a,571233
Jr. Web Developer,Ascendhire,"New York City, NY",07-14-2016,90958884,616019
ASP.Net Web Developer,MERP Systems,"Nyc, NY",07-14-2016,10486658,612572
Lead Web developer with Angular JS and Single Page Application,The Astor Group,"New York, NY",07-11-2016,10112409,402107
.Net Web Developer,Pelham Berkeley Search,"New York, NY",07-19-2016,tsoc,4590
Fullstack Web Developer - NYC,Castle Consulting,"New York, NY",07-06-2016,10211501,559818
